{
  "RNN": {
    "accuracy": 0.6566692975532754,
    "precision": 0.524822695035461,
    "recall": 0.32962138084632514,
    "f1": 0.4049247606019152,
    "cm": [
      [
        684,
        134
      ],
      [
        301,
        148
      ]
    ],
    "config": {
      "batch_size": 80,
      "embed_dim": 256,
      "hidden_dim": 512,
      "num_layers": 2,
      "epochs": 20,
      "lr": 0.00025,
      "dropout": 0.28,
      "patience": 4,
      "weight_decay": 5e-05,
      "lr_decay": 0.65,
      "min_lr": 4e-05,
      "grad_clip": 0.9,
      "label_smoothing": 0.02,
      "use_class_weights": false,
      "target_metric": "accuracy",
      "best_epoch": 5,
      "trained_epochs": 9,
      "val_score": 0.687570093457944
    },
    "val_f1": 0.41573410404624277,
    "val_score": 0.687570093457944
  },
  "LSTM": {
    "accuracy": 0.6866614048934491,
    "precision": 0.6048387096774194,
    "recall": 0.33407572383073497,
    "f1": 0.430416068866571,
    "cm": [
      [
        720,
        98
      ],
      [
        299,
        150
      ]
    ],
    "config": {
      "batch_size": 72,
      "embed_dim": 256,
      "hidden_dim": 512,
      "num_layers": 2,
      "epochs": 20,
      "lr": 0.00025,
      "dropout": 0.3,
      "patience": 4,
      "weight_decay": 8e-05,
      "lr_decay": 0.6,
      "min_lr": 3e-05,
      "grad_clip": 0.8,
      "label_smoothing": 0.02,
      "use_class_weights": false,
      "target_metric": "accuracy",
      "best_epoch": 2,
      "trained_epochs": 6,
      "val_score": 0.7004735202492211
    },
    "val_f1": 0.390,
    "val_score": 0.7004735202492211
  },
  "Transformer": {
    "accuracy": 0.6550907655880032,
    "precision": 0.5117647058823529,
    "recall": 0.5812917594654788,
    "f1": 0.5443169968717414,
    "cm": [
      [
        569,
        249
      ],
      [
        188,
        261
      ]
    ],
    "config": {
      "batch_size": 80,
      "embed_dim": 448,
      "hidden_dim": 896,
      "epochs": 24,
      "lr": 0.0003,
      "dropout": 0.26,
      "num_heads": 8,
      "num_layers": 5,
      "patience": 4,
      "weight_decay": 0.00015,
      "lr_decay": 0.65,
      "min_lr": 2e-05,
      "grad_clip": 0.9,
      "label_smoothing": 0.05,
      "use_class_weights": true,
      "target_metric": "balanced",
      "best_epoch": 4,
      "trained_epochs": 8,
      "val_score": 0.5893493660336925
    },
    "val_f1": 0.5231847133757962,
    "val_score": 0.5893493660336925
  }
}