{
  "RNN": {
    "accuracy": 0.5808997632202052,
    "precision": 0.4055299539170507,
    "recall": 0.39198218262806234,
    "f1": 0.3986409966024915,
    "cm": [
      [
        560,
        258
      ],
      [
        273,
        176
      ]
    ],
    "config": {
      "batch_size": 192,
      "embed_dim": 256,
      "hidden_dim": 512,
      "epochs": 20,
      "lr": 0.0002,
      "dropout": 0.5,
      "patience": 4,
      "weight_decay": 0.0001,
      "lr_decay": 0.7,
      "min_lr": 1e-05,
      "grad_clip": 1.2,
      "best_epoch": 11,
      "trained_epochs": 15
    },
    "val_f1": 0.4157706093189964
  },
  "LSTM": {
    "accuracy": 0.6029992107340174,
    "precision": 0.43478260869565216,
    "recall": 0.40089086859688194,
    "f1": 0.4171494785631518,
    "cm": [
      [
        584,
        234
      ],
      [
        269,
        180
      ]
    ],
    "config": {
      "batch_size": 160,
      "embed_dim": 256,
      "hidden_dim": 512,
      "epochs": 20,
      "lr": 0.0002,
      "dropout": 0.5,
      "patience": 5,
      "weight_decay": 0.0001,
      "lr_decay": 0.7,
      "min_lr": 1e-05,
      "grad_clip": 1.2,
      "best_epoch": 14,
      "trained_epochs": 19
    },
    "val_f1": 0.45760743321718933
  },
  "Transformer": {
    "accuracy": 0.611681136543015,
    "precision": 0.46337308347529815,
    "recall": 0.6057906458797327,
    "f1": 0.525096525096525,
    "cm": [
      [
        503,
        315
      ],
      [
        177,
        272
      ]
    ],
    "config": {
      "batch_size": 80,
      "embed_dim": 288,
      "hidden_dim": 320,
      "epochs": 18,
      "lr": 0.0004,
      "dropout": 0.3,
      "num_heads": 6,
      "num_layers": 3,
      "patience": 3,
      "weight_decay": 0.0001,
      "lr_decay": 0.65,
      "min_lr": 3e-05,
      "grad_clip": 0.8,
      "best_epoch": 5,
      "trained_epochs": 8
    },
    "val_f1": 0.5040160642570282
  }
}