{
  "RNN": {
    "accuracy": 0.5816890292028414,
    "precision": 0.35587188612099646,
    "recall": 0.22271714922049,
    "f1": 0.273972602739726,
    "cm": [
      [
        637,
        181
      ],
      [
        349,
        100
      ]
    ],
    "config": {
      "batch_size": 96,
      "embed_dim": 192,
      "hidden_dim": 256,
      "epochs": 9,
      "lr": 0.0006,
      "num_heads": 4,
      "num_layers": 2,
      "dropout": 0.3
    },
    "val_f1": 0.24581005586592178
  },
  "LSTM": {
    "accuracy": 0.6219415943172849,
    "precision": 0.46462264150943394,
    "recall": 0.43875278396436523,
    "f1": 0.4513172966781214,
    "cm": [
      [
        591,
        227
      ],
      [
        252,
        197
      ]
    ],
    "config": {
      "batch_size": 96,
      "embed_dim": 192,
      "hidden_dim": 256,
      "epochs": 9,
      "lr": 0.0006,
      "num_heads": 4,
      "num_layers": 2,
      "dropout": 0.35
    },
    "val_f1": 0.4297719087635054
  },
  "Transformer": {
    "accuracy": 0.56353591160221,
    "precision": 0.42934782608695654,
    "recall": 0.7037861915367484,
    "f1": 0.5333333333333333,
    "cm": [
      [
        398,
        420
      ],
      [
        133,
        316
      ]
    ],
    "config": {
      "batch_size": 64,
      "embed_dim": 128,
      "hidden_dim": 256,
      "epochs": 8,
      "lr": 0.0009,
      "num_heads": 4,
      "num_layers": 3,
      "dropout": 0.2
    },
    "val_f1": 0.5134431916738942
  }
}